<?xml version="1.0" encoding="UTF-8"?>

<mule xmlns:http="http://www.mulesoft.org/schema/mule/http" xmlns="http://www.mulesoft.org/schema/mule/core"
	xmlns:doc="http://www.mulesoft.org/schema/mule/documentation"
	xmlns:xsi="http://www.w3.org/2001/XMLSchema-instance" xsi:schemaLocation="http://www.mulesoft.org/schema/mule/core http://www.mulesoft.org/schema/mule/core/current/mule.xsd
http://www.mulesoft.org/schema/mule/http http://www.mulesoft.org/schema/mule/http/current/mule-http.xsd">
	<http:listener-config name="HTTP_Listener_config" doc:name="HTTP Listener config" doc:id="9605af89-d03a-4a70-9af8-315479b4bdf3" basePath="/api" >
		<http:listener-connection host="0.0.0.0" port="8091" />
	</http:listener-config>
	<flow name="ablsoft-ibs-papiFlow1" doc:id="72136204-9a12-474a-809a-e5faabea23b0" >
		<http:listener doc:name="Listener" doc:id="bcfe39df-7efa-4c15-958b-cb4506b2d9a3" config-ref="HTTP_Listener_config" path="/kick-off"/>
		<flow-ref doc:name="process-main-loan-flow" doc:id="09cc0c16-ca87-41e4-a65e-abdfba85938a" name="process-main-loan-flow"/>
	</flow>
	<flow name="ablsoft-ibs-papiFlow" doc:id="01282fe0-5994-456d-b415-e46c9b424947" >
		<!-- <http:listener doc:name="Listener" doc:id="39641bbe-083e-4aa7-835d-07c62afc4ce6" config-ref="HTTP_Listener_config" path="/kick-off-ablsoft"/>
		 -->
		<scheduler doc:name="Scheduler" doc:id="79c0fab8-e80b-4836-8f7b-e2cbd7cd76be" >
			<scheduling-strategy >
				<cron expression="0 0 3 ? * 1-7" />
			</scheduling-strategy>
		</scheduler>
		<flow-ref doc:name="process-main-loan-flow" doc:id="d217d98f-785a-4c6c-be7b-a477d15039aa" name="process-main-loan-flow"/>
	</flow>
</mule>
