<?xml version="1.0" encoding="UTF-8"?>

<mule xmlns:file="http://www.mulesoft.org/schema/mule/file" xmlns:validation="http://www.mulesoft.org/schema/mule/validation"
	xmlns:email="http://www.mulesoft.org/schema/mule/email"
	xmlns:ee="http://www.mulesoft.org/schema/mule/ee/core" xmlns:http="http://www.mulesoft.org/schema/mule/http" xmlns="http://www.mulesoft.org/schema/mule/core" xmlns:doc="http://www.mulesoft.org/schema/mule/documentation" xmlns:xsi="http://www.w3.org/2001/XMLSchema-instance" xsi:schemaLocation="http://www.mulesoft.org/schema/mule/core http://www.mulesoft.org/schema/mule/core/current/mule.xsd
http://www.mulesoft.org/schema/mule/http http://www.mulesoft.org/schema/mule/http/current/mule-http.xsd
http://www.mulesoft.org/schema/mule/ee/core http://www.mulesoft.org/schema/mule/ee/core/current/mule-ee.xsd
http://www.mulesoft.org/schema/mule/email http://www.mulesoft.org/schema/mule/email/current/mule-email.xsd
http://www.mulesoft.org/schema/mule/validation http://www.mulesoft.org/schema/mule/validation/current/mule-validation.xsd
http://www.mulesoft.org/schema/mule/file http://www.mulesoft.org/schema/mule/file/current/mule-file.xsd">
	<email:smtp-config name="Email_SMTP" doc:name="Email SMTP" doc:id="9e1c94a7-1fca-481f-9fc1-a22b2c9452e3" >
			<email:smtp-connection host="172.18.82.34">
<email:properties >
</email:properties>
</email:smtp-connection>
</email:smtp-config>
	<sub-flow name="add-to-txnItems" doc:id="d6cba4c4-7907-4fcc-84bb-f5db52a2ec8c" >
		<choice doc:name="Choice" doc:id="39e0f32e-2b3d-4711-a90d-3684d66e0b83" >
			<when expression="#[!isEmpty(payload)]">
				<ee:transform doc:name="Transform Message" doc:id="63f2a1b5-fb7c-44a4-b8b7-4470d96e33e2">
						<ee:message>
						</ee:message>
						<ee:variables>
							<ee:set-variable variableName="txnitems"><![CDATA[%dw 2.0
output application/json

---
vars.txnitems ++ 
	(vars.loanBalanceCompare  map ((item, index) -> 
item 
) )

//(payload ++ {comparisonResult: vars.loanBalanceComparison, "IBS Balance": vars.ibsAccountBalance, "Note Txn Post Date": vars.commitmentnote.NoteHistEntdDte, "Note Txn Effective date" : vars.commitmentnote.LNLNHistEffDte, "Note Txn Code": vars.commitmentnote.LNHistTransCde, "Note Txn Principal Amount": vars.commitmentnote.LNHistPrinTranAmt})]]></ee:set-variable>
						</ee:variables>
					</ee:transform>
			</when>
		</choice>
	</sub-flow>
	<sub-flow name="add-transaction-to-items-flow" doc:id="7df84e4d-6643-458a-9278-7f4ac45a04f1" >
		<set-variable value="#[now() as String{format: 'yyyy-MM-dd'}]" doc:name="Set Variable" doc:id="f6d9f8db-70cb-43f5-8d67-01d5f53d195c" variableName="runDate" />
		<choice doc:name="Choice" doc:id="3611841b-74d2-43c7-b4f3-eaae107a13b6" >
			<when expression='#[payload != null]'>
				<ee:transform doc:name="Transform Message" doc:id="2c304952-fce5-4f83-9bba-9db8758b849f">
				<ee:message>
				</ee:message>
				<ee:variables>
					<ee:set-variable variableName="items"><![CDATA[%dw 2.0
output application/json

var add = (payload map ((item, index) -> 
item ++  {loanId: vars.loanId, noteOrCommitment: vars.isNoteOrCommitment}
)) filter ((item, index) -> (item.LNHistPrinTranAmt > 0))
---

vars.items ++ add




//(payload ++ {loanId: vars.loanId, noteOrCommitment: vars.isNoteOrCommitment})]]></ee:set-variable>
				</ee:variables>
			</ee:transform>
			</when>
		</choice>
		<!-- <choice doc:name="Choice" doc:id="80e24ba6-1a91-442a-a454-6aefa81c2c6e" >
		</choice> -->
	</sub-flow>
	<sub-flow name="add-to-transaction-flow" doc:id="7bd33bf1-a993-4691-9652-56b72d783596" >
		<set-variable value="#[now() as String{format: 'yyyy-MM-dd'}]" doc:name="Set Variable" doc:id="02e98013-9674-4d18-abe9-3e719af7ee47" variableName="runDate" />
		<ee:transform doc:name="Transform Message" doc:id="cfe359ef-e6c9-4c0f-aaef-479bfed2b4ee">
				<ee:message>
				</ee:message>
				<ee:variables>
					<ee:set-variable variableName="items"><![CDATA[%dw 2.0
output application/json
---
vars.items + (payload ++ {loanId: vars.loanId})]]></ee:set-variable>
				</ee:variables>
			</ee:transform>
	</sub-flow>
	<sub-flow name="process-main-loan-flow" doc:id="5184aea2-7b00-465b-b4f3-1ce6f20fc5ef" >
		<flow-ref doc:name="retrieve-loans-flow" doc:id="36a0f577-40c8-43c8-b0f7-673a70538076" name="retrieve-loans-flow"/>
		<logger level="INFO" doc:name="Logger" doc:id="caf66bdc-5505-45b2-82a2-5bda82a2409d" message="#[payload]"/>
		<set-variable value="#[[]]" doc:name="Initialize Items" doc:id="1428b3db-7785-4911-b137-a74f26ac0eaf" variableName="items"/>
		<foreach doc:name="For Each" doc:id="9e3427b3-43ba-41a0-aac8-45cdc5f90b57" collection="#[payload]">
			<set-variable value="#[payload.loan_id]" doc:name="Set Loan Id" doc:id="c6aca72f-e7dc-425c-a590-de09b862a56f" variableName="loanId"/>
			<set-variable value="#[payload.customer_loan_field_1_value]" doc:name="Set Account Number" doc:id="8f6d6701-abd9-4d2e-ad61-0e07971c284e" variableName="loanAccountNumber"/>
			<set-variable value="#[payload.customer_loan_field_2_value]" doc:name="Set Note Or Commitment" doc:id="7bd6621a-5440-439e-bd84-6a615746c9bd" variableName="noteOrCommitment"/>
			<choice doc:name="Choice" doc:id="55ede513-a442-406b-9176-897dfe07e2aa" >
				<when expression='#[payload.customer_loan_field_3_value ~= "1"]'>
					<set-variable value="#['Note']" doc:name="Note Or Commitment" doc:id="6eda7e19-2bf3-4c76-b734-765666a4c6c0" variableName="isNoteOrCommitment"/>
					<set-variable value='#["N"]' doc:name="Set Variable" doc:id="80e6ae0c-52f1-41bb-9767-113bc94c1e58" variableName="lastPayloadFlag"/>
					<flow-ref doc:name="retrieve-ibs-transactions-flow" doc:id="667d28f1-bbc4-4c7d-b262-1ccf94f20632" name="retrieve-ibs-transactions-flow" />
					<flow-ref doc:name="add-transaction-to-items-flow" doc:id="2201a278-bd40-423e-866a-0a2822b6ffed" name="add-transaction-to-items-flow" />
				</when>
				<otherwise >
					<set-variable value="#['Commitment']" doc:name="Note Or Commitment" doc:id="6250b0f7-31a6-4dc3-81d8-c6097929ecc2" variableName="isNoteOrCommitment"/>
					<logger level="INFO" doc:name="Logger" doc:id="f5d6dd21-c401-45d3-bc9b-cebe9a1c8efe" message="Commitment Type"/>
					<set-variable value="#[payload.customer_loan_field_2_value]" doc:name="Set Variable" doc:id="c4551688-c945-4985-b7aa-d4540bb7ea75" variableName="commitmentNumber"/>
					<set-variable value="Note" doc:name="Set Variable" doc:id="f36125f1-5717-4bca-a699-0c4714792b54" variableName="accttype"/>
					<flow-ref doc:name="retrieve-commitment-note-flow" doc:id="ec447c72-6501-4b5f-8628-4027babf48ee" name="retrieve-commitment-note-flow"/>
					<try doc:name="Try" doc:id="d4e2da94-b075-4cfd-ae06-28ad96c41a48" >
						<choice doc:name="Choice" doc:id="ceb00c2a-d2ed-4aa6-8a93-811398723bcb">
						<when expression="#[isEmpty(payload.errorCode)]">
							<ee:transform doc:name="Get the Note Numbers" doc:id="f4c2ce5a-22ae-44cd-a4c9-cc9a1dca70c9">
						<ee:message>
							<ee:set-payload><![CDATA[%dw 2.0
import * from dw::core::Strings
output application/json
---
payload filter ((item, index) -> (item.AccountDetails.ParentCommitment substringAfter  "-") contains vars.commitmentNumber) map ((item, index) -> item.keys.IbsAccountNumber substringAfter  "-")]]></ee:set-payload>
						</ee:message>
					</ee:transform>
							<foreach doc:name="For Each" doc:id="a31c3912-31db-4c30-98ed-da074c53b311" collection="#[payload]">
						<set-variable value="#[payload]" doc:name="Set Variable" doc:id="4c5e0005-1177-45be-b235-a7e7c819c0f7" variableName="noteOrCommitment" />
						<flow-ref doc:name="retrieve-ibs-transactions-flow" doc:id="c71b80ba-349f-401d-ac3c-e2d2fc6b1d1b" name="retrieve-ibs-transactions-flow" />
						<flow-ref doc:name="add-transaction-to-items-flow" doc:id="0b1d2d5b-c0a8-437f-ae13-8712aa98d065" name="add-transaction-to-items-flow" />
					</foreach>
						</when>
					</choice>
						<error-handler >
							<on-error-continue enableNotifications="true" logException="true" doc:name="On Error Continue" doc:id="011b0037-2f58-44a1-b083-c678b6f63151" >
								<ee:transform doc:name="Transform Message" doc:id="d6556fd9-2233-4c6c-864a-f789fe72e651" >
									<ee:message >
										<ee:set-payload ><![CDATA[%dw 2.0
output application/json
---
error.exception.errorMessage.typedValue]]></ee:set-payload>
									</ee:message>
								</ee:transform>
							</on-error-continue>
						</error-handler>
					</try>
				</otherwise>
			</choice>
		</foreach>
		<logger level="INFO" doc:name="Logger" doc:id="8aca2a02-b325-4649-bcd9-28f0b6a58a7c" message="#[vars.items]"/>
		<set-variable value="#[[]]" doc:name="Set Variable" doc:id="010e6c81-85af-44d8-bcb0-e291ea8cc1d8" variableName="worksheetitems"/>
		<foreach doc:name="For Each" doc:id="b0eadd2b-7f6e-467f-8b23-bcd19ee60fbd" collection="#[vars.items]">
			<set-variable value="#[payload.NoteHistEntdDte]" doc:name="Set Entry Date to Variable" doc:id="6159fd85-67a2-4894-ba82-b31c0605624e" variableName="entryDate"/>
			<set-variable value="#[payload.LNLNHistEffDte]" doc:name="Set Effective Date to Variable" doc:id="6542185a-7b6f-4993-8ae9-b99d6bfae367" variableName="effDate"/>
			<set-variable value="#[payload.LNHistTransCde]" doc:name="Set Transaction Code" doc:id="e3e3b4ec-779a-4a04-bad0-a536f7e41cda" variableName="transactionCode"/>
			<set-variable value="#[payload.LNHistRevrslInd]" doc:name="Set Reversal Ind" doc:id="1f23a3ec-32ff-4694-a80b-45ff120b9e80" variableName="reversalInd"/>
			<ee:transform doc:name="Transform Message" doc:id="04ff9746-ffe7-4384-a7a1-e421ca2e211e" >
				<ee:message >
					<ee:set-payload ><![CDATA[%dw 2.0
output application/json
---
{
	(advance: payload.LNHistPrinTranAmt) if (payload.LNHistTransCde == 750),
	loanId: payload.loanId,
	(loanAdjustment: payload.LNHistPrinTranAmt) if (payload.LNHistTransCde == 770 or payload.LNHistTransCde == 800),
	"collectionType": "O",
    "bankSourceId": "1",
	(collections: payload.LNHistPrinTranAmt) if (payload.LNHistTransCde != 750 and payload.LNHistTransCde != 770 and payload.LNHistTransCde != 800),
	refId: payload.LNHistTransCde ++ " " ++ (payload.LNLNHistEffDte replace  "-" with ""),
	backDate: payload.NoteHistEntdDte
}]]></ee:set-payload>
				</ee:message>
			</ee:transform>
			<ee:transform doc:name="Transform Message" doc:id="17d8cc4f-4d99-4190-a0be-8dbf018165ec" >
				<ee:message >
				</ee:message>
				<ee:variables >
					<ee:set-variable variableName="worksheetitems" ><![CDATA[%dw 2.0
output application/json
---
vars.worksheetitems + payload]]></ee:set-variable>
				</ee:variables>
			</ee:transform>
			<logger level="INFO" doc:name="Logger" doc:id="d39f5d10-ffde-40d2-9a93-524625fc3abf" message="#[payload]"/>
			<choice doc:name="Choice" doc:id="889a7ec8-512e-45c3-b55f-2494854a5cd9" >
				<when expression='#[((vars.entryDate == ((now() - |P1D|) as String{format: "yyyy-MM-dd"}))) and vars.reversalInd == 0]'>
					<choice doc:name="Choice" doc:id="5f68a7fc-ef94-4d18-a362-bacb31d902ee">
				<when expression="#[vars.effDate == vars.entryDate]">
							<http:request method="POST" doc:name="Daily Transaction" doc:id="8d98c543-de3c-4b91-922c-a21e59d48e2b" config-ref="ABLSOFT_Request_Config" path="/worksheet" responseTimeout="200000">
				<http:query-params><![CDATA[#[output application/java
---
{
	"loanId" : payload.loanId
}]]]></http:query-params>
			</http:request>
							<until-successful maxRetries="3" doc:name="Until Successful" doc:id="42229ab8-6007-4aea-b357-b3c0fbf4378e">
								
								<flow-ref doc:name="check-if-any-processing-flow" doc:id="30f437f1-0133-4388-a8ba-1211908b64bb" name="check-if-any-processing-flow" target="process" />
								<validation:is-true doc:name="Is true" doc:id="5b9b74e2-5060-43a4-ab95-ec3f8f5aceed" expression="#[vars.process.anyProcessingRunning == false]" />
							</until-successful>
				</when>
						<otherwise>
							<choice doc:name="Choice" doc:id="1d3505d3-c283-44f9-950b-a0d00cd362d9" >
								<when expression='#[abs(((vars.effDate as Date{format: "yyyy-MM-dd"}) - (vars.entryDate  as Date{format: "yyyy-MM-dd"})).days) &lt; 5]'>
									<http:request method="POST" doc:name="RequestBackdate Transaction" doc:id="23934aa4-980f-41a2-b301-08e54d9e5937" config-ref="ABLSOFT_Request_Config" path="/backdate">
						<http:query-params><![CDATA[#[output application/java
---
{
	"loanId" : payload.loanId,
	"backdate": (vars.effDate as Date {format:"yyyy-MM-dd"} as String{format:"MM/dd/yyyy"})
}]]]></http:query-params>
					</http:request>
									<until-successful maxRetries="3" doc:name="Until Successful" doc:id="f18ff3de-c4a1-4774-8482-da0628a458ad" >
										<flow-ref doc:name="check-if-any-processing-flow" doc:id="b870e806-2fb0-492a-824d-7f7e53be296a" name="check-if-any-processing-flow" target="process"/>
										<validation:is-true doc:name="Is true" doc:id="4f6a4a43-853c-4588-bee0-2b5fb5c9368d" expression="#[vars.process.anyProcessingRunning == false]"/>
									</until-successful>
								</when>
								<otherwise >
									<logger level="INFO" doc:name="Logger" doc:id="eb7d0c5d-1578-40ce-831b-1aedf5d3bfa1" message="Out of BackDate Range"/>
								</otherwise>
							</choice>
				</otherwise>
			</choice>
				</when>
			</choice> 
		</foreach>
		<logger level="INFO" doc:name="Logger" doc:id="fabd52da-4cce-4f1f-8ebe-ff9fd6acc54f" message="#[vars.worksheetitems]" />
		<try doc:name="Try" doc:id="fd5e6802-4534-4d78-95a5-832ade0e62b6" >
			<http:request method="POST" doc:name="Start Of Day Process" doc:id="48455b8a-f079-4369-adf3-8b82e9f84603" config-ref="ABLSOFT_Request_Config" path="/startofdayprocess" responseTimeout="200000" />
			<until-successful maxRetries="3" doc:name="Until Successful" doc:id="874b5dc3-c8a1-4ca1-935c-d1a80fa4336e">
			<flow-ref doc:name="check-if-any-processing-flow" doc:id="7d53e9a6-e9f9-4651-86a6-0fe49af6463e" name="check-if-any-processing-flow" target="process" />
			<validation:is-true doc:name="Is true" doc:id="18cf7cb8-95c6-4c2f-a0df-59d5bc2e92c9" expression="#[vars.process.anyProcessingRunning == false]" />
		</until-successful>
			<error-handler >
				<on-error-continue enableNotifications="true" logException="true" doc:name="On Error Continue" doc:id="1fe87799-0c6f-4a1c-b7d4-2be63ee0a1dc" >
					<logger level="INFO" doc:name="Logger" doc:id="ccdea01d-e070-4385-8ba6-a63de9101bbd" message="Failure in End of Day Processing"/>
				</on-error-continue>
			</error-handler>
		</try>	
		<flow-ref doc:name="compare-loan-balance-flow" doc:id="b15d43df-2e29-4165-bae2-3726426842d6" name="compare-loan-balance-flow"/>
	</sub-flow>
	<sub-flow name="retrieve-loans-flow" doc:id="acf64148-0ccc-4849-9404-e5153390ff3f" >
		
			<until-successful maxRetries="0" doc:name="Until Successful" doc:id="76182a34-70d6-4b58-b904-0acaa0a10a1e" millisBetweenRetries="30000">
				<http:request method="GET" doc:name="Request" doc:id="953ff148-5b1f-4527-ad89-f0a45b52642e" config-ref="ABLSOFT_Request_Config" path="/loans" responseTimeout="200000"/>
			</until-successful>
	
	</sub-flow>
	<sub-flow name="retrieve-borrowers-flow" doc:id="8f801787-b1a8-4a1a-a2da-ca1dc38bce0b" >
		<try doc:name="Try" doc:id="41f6d885-6529-4323-8f34-e2cefa357355" >
			<http:request method="GET" doc:name="Request" doc:id="b8af3b67-9757-4a90-a4a9-9db72234212e" config-ref="ABLSOFT_Request_Config" path="/borrowers"/>
			<error-handler >
				<on-error-continue enableNotifications="true" logException="true" doc:name="On Error Continue" doc:id="162a9997-d974-494e-81f7-4e3c3565da83" >
					<ee:transform doc:name="Transform Message" doc:id="d435b885-b60c-4f62-8f98-968c69fc6bc6" >
						<ee:message >
							<ee:set-payload ><![CDATA[%dw 2.0
output application/json
---
error.exception.errorMessage.typedValue]]></ee:set-payload>
						</ee:message>
					</ee:transform>
				</on-error-continue>
			</error-handler>
		</try>
	</sub-flow>
	<sub-flow name="retrieve-ibs-transactions-flow" doc:id="8b177146-32c5-483b-8110-8c5ae6e7c4df" >
		<try doc:name="Try" doc:id="81b63e42-5e45-4b2b-94ef-1631049df64b" >
			<until-successful maxRetries="3" doc:name="Until Successful" doc:id="37ddd2e4-1dfa-45c1-a2e5-69d2daeb1744" millisBetweenRetries="10000">
				<http:request method="GET" doc:name="Request" doc:id="58bd9b48-ab80-4f52-b89c-682530ed8ca0" config-ref="IBS_SAPI_Request_Config" path="/finaccount/{loanAccount}/notes/{loanNoteNumber}/transactions" responseTimeout="200000">
				<http:uri-params><![CDATA[#[output application/java
---
{
	"loanAccount" : vars.loanAccountNumber,
	"loanNoteNumber" : vars.noteOrCommitment
}]]]></http:uri-params>
					<http:query-params ><![CDATA[#[output application/java
---
{
	"lastPayloadFlag" : vars.lastPayloadFlag
}]]]></http:query-params>
			</http:request>
			</until-successful>
			<error-handler >
				<on-error-continue enableNotifications="true" logException="true" doc:name="On Error Continue" doc:id="424a3b2a-81ac-4f52-802d-23174a589239" >
					<ee:transform doc:name="Transform Message" doc:id="60f0d514-62a1-4988-bcc1-d771c5dc147c" >
						<ee:message >
							<ee:set-payload ><![CDATA[%dw 2.0
output application/json
---
error.exception.errorMessage.typedValue]]></ee:set-payload>
						</ee:message>
					</ee:transform>
				</on-error-continue>
			</error-handler>
		</try>
		
	</sub-flow>
	<sub-flow name="retrieve-notes-flow" doc:id="df243874-e491-4a68-873c-0c005b7ef01b" >
		<try doc:name="Try" doc:id="06a45291-2c77-494b-8123-6e60ca6dba6a" >
			<http:request method="GET" doc:name="Request" doc:id="e422dac2-cc2c-40a1-aec4-4a4873a3958c" config-ref="IBS_SAPI_Request_Config" path="/finaccount/{loanAccount}" responseTimeout="200000">
				<http:uri-params><![CDATA[#[output application/java
---
{
	"loanAccount" : vars.loanAccountNumber
}]]]></http:uri-params>
				<http:query-params><![CDATA[#[output application/java
---
{
	"accttype" : "Note"
}]]]></http:query-params>
			</http:request>
			<error-handler >
				<on-error-continue enableNotifications="true" logException="true" doc:name="On Error Continue" doc:id="00aff702-f291-4b03-b6fe-81b26b05bd30" >
					<ee:transform doc:name="Transform Message" doc:id="dd248500-77c0-4c8a-b9bb-3d1283283f52" >
						<ee:message >
							<ee:set-payload ><![CDATA[%dw 2.0
output application/json
---
error.exception.errorMessage.typedValue]]></ee:set-payload>
						</ee:message>
					</ee:transform>
				</on-error-continue>
			</error-handler>
		</try>
	
	</sub-flow>
	<sub-flow name="retrieve-commitment-note-flow" doc:id="8d017bb6-25c8-445f-9bde-fcaa457726ba" >
		<try doc:name="Try" doc:id="ba422dee-a848-4bef-8eaa-062e5d4a705c" >
			<http:request method="GET" doc:name="Request" doc:id="8b93c4b1-686a-4f3e-a36d-ca645c909b84" config-ref="IBS_SAPI_Request_Config" path="/finaccount/{loanacctno}">
			<http:uri-params><![CDATA[#[output application/java
---
{
	"loanacctno" : payload.customer_loan_field_1_value
}]]]></http:uri-params>
				<http:query-params><![CDATA[#[output application/java
---
{
	"accttype" : vars.accttype
}]]]></http:query-params>
		</http:request>
			<error-handler >
				<on-error-continue enableNotifications="true" logException="true" doc:name="On Error Continue" doc:id="fcc2a5c8-61b3-4458-8e06-bb77dbb0ce0a" >
					<ee:transform doc:name="Transform Message" doc:id="10df137b-2071-4f90-9eca-8707e4ad3bd8" >
						<ee:message >
							<ee:set-payload ><![CDATA[%dw 2.0
output application/json
---
error.exception.errorMessage.typedValue]]></ee:set-payload>
						</ee:message>
					</ee:transform>
					<logger level="INFO" doc:name="Logger" doc:id="a1ea20af-7702-459a-be93-e9d9f11e5d88" message="#[payload]"/>
				</on-error-continue>
			</error-handler>
		</try>

	</sub-flow>
	<sub-flow name="check-if-any-processing-flow" doc:id="94e4a444-fe58-4d72-8c36-ed2a37badd75" >
		<http:request method="GET" doc:name="Request" doc:id="600c4f75-8610-4b09-8514-2f139428c078" config-ref="ABLSOFT_Request_Config" path="/processing" responseTimeout="200000"/>
	</sub-flow>
	<sub-flow name="compare-loan-balance-flow" doc:id="b83579a4-29a6-44ec-bfcf-def0efb4f24a" >
		<set-variable value='#["Y"]' doc:name="Set Variable" doc:id="547e6f56-f0cd-463f-9157-674a9ca5fff4" variableName="lastPayloadFlag"/>
		<flow-ref doc:name="retrieve-loans-flow" doc:id="d0dac27d-5871-4c4c-8a8e-5355be66e08b" name="retrieve-loans-flow"/>
		<flow-ref doc:name="retrieve-borrowers-flow" doc:id="7ea0abb2-ab5d-4e47-b000-9fe9ae2ed09c" name="retrieve-borrowers-flow" target="borrowers"/>
		<ee:transform doc:name="Merge to get Client Name" doc:id="9183e89f-e8c7-44a2-8d34-5256f2a4829d" >
			<ee:message >
				<ee:set-payload ><![CDATA[%dw 2.0
import * from dw::core::Arrays
output application/json

var borrowers = vars.borrowers
---
leftJoin(payload, borrowers, (payload) -> payload.client_id, (borrowers) -> borrowers.clientid) 
map ((item, index) -> item.l ++ {clientName:item.r.clientname} )]]></ee:set-payload>
			</ee:message>
		</ee:transform>
		<set-variable value="#[[]]" doc:name="Initialize Transaction Items" doc:id="bcaa86a8-9591-4507-aede-bffbdb7f213a" variableName="txnitems"/>
		<foreach doc:name="For Each" doc:id="5e4f8dec-d473-4379-9f32-14e25b1aa308" collection="#[payload]">
			<set-variable value="#[payload.customer_loan_field_1_value]" doc:name="Set Account Number to Variable" doc:id="5bf7a5ec-e5c4-43fd-8895-d58eba496a7d" variableName="loanAccountNumber"/>
			<set-variable value="#[payload.customer_loan_field_2_value]" doc:name="Set Note or Commitment" doc:id="510d0a44-8913-414d-a3cb-763c8b02e9f8" variableName="noteOrCommitment"/>
			<set-variable value="#[payload.loan_balance]" doc:name="Set Loan Balance" doc:id="d15af1c9-d716-42c9-82e2-d9c18cf515d1" variableName="loanBalance"/>
			<choice doc:name="Choice" doc:id="60277029-e570-4456-b0ab-fe683393f629" >
				<when expression='#[payload.customer_loan_field_3_value ~= "1"]'>
					<set-variable value="Note" doc:name="Set Account Type" doc:id="d46e9ffa-326a-4aab-a7ec-93efce0a69ef" variableName="accttype"/>
					<!-- <flow-ref doc:name="retrieve-commitment-note-flow" doc:id="c7e8f703-9158-43c1-b17f-2385c1a291d3" name="retrieve-commitment-note-flow" target="commitmentnote"/>
					 -->
					<flow-ref doc:name="retrieve-ibs-transactions-flow" doc:id="1aa23449-5b8e-4b0b-8a77-e61b4bd47307" name="retrieve-ibs-transactions-flow" target="commitmentnote"/>
					<ee:transform doc:name="Transform Message" doc:id="d995bb9a-3380-4cd2-93bf-22410303665b">
						<ee:message>
						</ee:message>
						<ee:variables >
							<ee:set-variable variableName="commitmentnote" ><![CDATA[%dw 2.0
output application/java
---
[vars.commitmentnote]]]></ee:set-variable>
						</ee:variables>
					</ee:transform>
					<logger level="INFO" doc:name="Logger" doc:id="2a17ec06-0077-41b2-8374-659158bf6151" message="#[vars.commitmentnote]"/>
					<ee:transform doc:name="Compare Loan Balance" doc:id="aa17514d-3fc3-427e-b05b-6dd4fb12f887" >
						<ee:message >
						</ee:message>
						<ee:variables >
							<ee:set-variable variableName="loanBalanceComparison" ><![CDATA[%dw 2.0
import * from dw::core::Strings
output application/json
---
if (vars.commitmentnote == null)
"NA"
else(
if (isEmpty(vars.commitmentnote.errorCode))
//(vars.loanBalance == ((vars.commitmentnote filter ((item, index) -> ((item.keys.IbsAccountNumber substringAfter  "-") ~= vars.noteOrCommitment)))[0].AccountDetails.AccountCurrentBalance as Number default 0))
(payload.loanBalance == vars.commitmentnote.LNHistLNCurrBal)
else "NA"

)]]></ee:set-variable>
							<ee:set-variable variableName="ibsAccountBalance" ><![CDATA[%dw 2.0
import * from dw::core::Strings
output application/json

var balance = []
---
//if (vars.commitmentnote == null)
//	0
//
//else(
//if (isEmpty(vars.commitmentnote.errorCode))
//vars.commitmentnote.LNHistLNCurrBal default 0
//
//else 0
//)

if (isEmpty(vars.commitmentnote))
(
	balance
)
else
(
	balance ++ vars.commitmentnote map ((item, index) -> 
					item.LNHistLNCurrBal default 0
			)
)
]]></ee:set-variable>
							<ee:set-variable variableName="loanBalanceCompare" ><![CDATA[%dw 2.0
import * from dw::core::Strings
output application/json

---


if (isEmpty(vars.commitmentnote))
(
	 [{
				   "loan_id": payload.loan_id,
					"loan_id_alt": payload.loan_id_alt,
					"facility_code": payload.facility_code,
					"client_id": payload.client_id,
					"clientName": payload.clientName,
					"lastupdated": payload.lastupdated,
					"created": payload.created,	
					"maturity_date": payload.maturity_date,
					"loan_type": payload.loan_type,
					"Advance Rate": payload.advance_rate,
					"loan_limit": payload.loan_limit,
					"interest_rate": payload.interest_rate,
					"ineligible": payload.ineligible,
					"net_eligible_collateral": payload.net_eligible_collateral,
					"ending_collateral_balance": payload.ending_collateral_balance,
					"customer_loan_field_1_value": payload."customer_loan_field_1_value",
					"customer_loan_field_2_value": payload."customer_loan_field_2_value",
					"customer_loan_field_3_value": payload."customer_loan_field_3_value",
					"loanBalance":  payload.loanBalance,
				   
				   "IBS Balance":	0,
				   comparisonResult: "N/A"
				  
					
	}]
			
)
else
(
if (isEmpty(vars.commitmentnote.errorCode)) (
	vars.commitmentnote map ((item, index) -> {
				   "loan_id": payload.loan_id,
					"loan_id_alt": payload.loan_id_alt,
					"facility_code": payload.facility_code,
					"client_id": payload.client_id,
					"clientName": payload.clientName,
					"lastupdated": payload.lastupdated,
					"created": payload.created,	
					"maturity_date": payload.maturity_date,
					"loan_type": payload.loan_type,
					"Advance Rate": payload.advance_rate,
					"loan_limit": payload.loan_limit,
					"interest_rate": payload.interest_rate,
					"ineligible": payload.ineligible,
					"net_eligible_collateral": payload.net_eligible_collateral,
					"ending_collateral_balance": payload.ending_collateral_balance,
					"customer_loan_field_1_value": payload."customer_loan_field_1_value",
					"customer_loan_field_2_value": payload."customer_loan_field_2_value",
					"customer_loan_field_3_value": payload."customer_loan_field_3_value",
					"loanBalance":  payload.loanBalance,
				   "IBS Balance":	item.LNHistLNCurrBal default 0,
				   //comparisonResult: (payload.loanBalance == vars.commitmentnote.LNHistLNCurrBal as Number),
					comparisonResult: (payload.loanBalance == item.LNHistLNCurrBal as Number),
					"Note Txn Post Date": item.NoteHistEntdDte,
					"Note Txn Effective date": item.LNLNHistEffDte,
					"Note Txn Code": item.LNHistTransCde,
					"Note Txn Principal Amount": item.LNHistPrinTranAmt
				}
			)
			
			)
	else(
		[{
		 "loan_id": payload.loan_id,
					"loan_id_alt": payload.loan_id_alt,
					"facility_code": payload.facility_code,
					"client_id": payload.client_id,
					"clientName": payload.clientName,
					"lastupdated": payload.lastupdated,
					"created": payload.created,	
					"maturity_date": payload.maturity_date,
					"loan_type": payload.loan_type,
					"Advance Rate": payload.advance_rate,
					"loan_limit": payload.loan_limit,
					"interest_rate": payload.interest_rate,
					"ineligible": payload.ineligible,
					"net_eligible_collateral": payload.net_eligible_collateral,
					"ending_collateral_balance": payload.ending_collateral_balance,
					"customer_loan_field_1_value": payload."customer_loan_field_1_value",
					"customer_loan_field_2_value": payload."customer_loan_field_2_value",
					"customer_loan_field_3_value": payload."customer_loan_field_3_value",
					"loanBalance":  payload.loanBalance,
		 "IBS Balance":	0,
		 comparisonResult: 'NA'
		 
		 }
		 ]
		 
		
	)
)
]]></ee:set-variable>
						</ee:variables>
					</ee:transform>
					<flow-ref doc:name="add-to-txnItems" doc:id="275b87dc-44c8-49c6-9d3a-89d8fdea6c27" name="add-to-txnItems" />
				</when>
				<otherwise >
					<set-variable value="#[payload.customer_loan_field_2_value]" doc:name="Set Commitment Number" doc:id="642948ce-295d-405a-b19c-3a8debfbec6c" variableName="commitmentNumber"/>
					<set-variable value="Commitment" doc:name="Set Account Type" doc:id="367b3d06-368b-4f99-a152-f0a398266f23" variableName="accttype"/>
					<flow-ref doc:name="retrieve-commitment-note-flow" doc:id="4d1898b1-f348-40bd-9ec1-e2565096a8ed" name="retrieve-commitment-note-flow" target="commitmentnote"/>
					<logger level="INFO" doc:name="Logger" doc:id="b396862d-c9b0-4e6e-a828-31a291f12b8c" message="#[vars.commitmentnote]"/>
					<ee:transform doc:name="Compare Loan Balance" doc:id="cd77aa3f-a8c4-4de3-8efc-781e273f5f8f" >
						<ee:message >
						</ee:message>
						<ee:variables >
							<ee:set-variable variableName="loanBalanceComparison" ><![CDATA[%dw 2.0
import * from dw::core::Strings
output application/json

---

if (isEmpty(vars.commitmentnote.errorCode))
(
    if ((sizeOf (vars.commitmentnote filter((item, index) -> (item.keys.IbsAccountNumber substringAfter  "-") contains vars.commitmentNumber))) > 0) 

(payload.loanBalance == ((vars.commitmentnote filter ((item, index) -> (item.keys.IbsAccountNumber substringAfter  "-") contains vars.commitmentNumber) map ((item, index) -> item))[0].AccountDetails.AccountUsedBalance as Number default 0))
else "NA" )

else "NA"

]]></ee:set-variable>
							<ee:set-variable variableName="ibsAccountBalance" ><![CDATA[%dw 2.0
import * from dw::core::Strings
output application/json


---

if (isEmpty(vars.commitmentnote.errorCode))
(((vars.commitmentnote filter ((item, index) -> (item.keys.IbsAccountNumber substringAfter  "-") contains vars.commitmentNumber) map ((item, index) -> item))[0].AccountDetails.AccountUsedBalance as Number default 0))

else 0

]]></ee:set-variable>
							<ee:set-variable variableName="loanBalanceCompare" ><![CDATA[%dw 2.0
import * from dw::core::Strings
output application/json

---

if (isEmpty(vars.commitmentnote.errorCode))
(
    if ((sizeOf (vars.commitmentnote filter((item, index) -> (item.keys.IbsAccountNumber substringAfter  "-") contains vars.commitmentNumber))) > 0) 
    (
    	 [{
				   "loan_id": payload.loan_id,
					"loan_id_alt": payload.loan_id_alt,
					"facility_code": payload.facility_code,
					"client_id": payload.client_id,
					"clientName": payload.clientName,
					"lastupdated": payload.lastupdated,
					"created": payload.created,	
					"maturity_date": payload.maturity_date,
					"loan_type": payload.loan_type,
					"Advance Rate": payload.advance_rate,
					"loan_limit": payload.loan_limit,
					"interest_rate": payload.interest_rate,
					"ineligible": payload.ineligible,
					"net_eligible_collateral": payload.net_eligible_collateral,
					"ending_collateral_balance": payload.ending_collateral_balance,
					"customer_loan_field_1_value": payload."customer_loan_field_1_value",
					"customer_loan_field_2_value": payload."customer_loan_field_2_value",
					"customer_loan_field_3_value": payload."customer_loan_field_3_value",
					"loanBalance":  payload.loanBalance,
				   "IBS Balance":	(((vars.commitmentnote filter ((item, index) -> (item.keys.IbsAccountNumber substringAfter  "-") contains vars.commitmentNumber) map ((item, index) -> item))[0].AccountDetails.AccountUsedBalance as Number default 0)),
				   comparisonResult: (payload.loanBalance == ((vars.commitmentnote filter ((item, index) -> (item.keys.IbsAccountNumber substringAfter  "-") contains vars.commitmentNumber) map ((item, index) -> item))[0].AccountDetails.AccountUsedBalance as Number default 0))
				   
					
		}]
    )


	else 
	(
		 	[{
				   "loan_id": payload.loan_id,
					"loan_id_alt": payload.loan_id_alt,
					"facility_code": payload.facility_code,
					"client_id": payload.client_id,
					"clientName": payload.clientName,
					"lastupdated": payload.lastupdated,
					"created": payload.created,	
					"maturity_date": payload.maturity_date,
					"loan_type": payload.loan_type,
					"Advance Rate": payload.advance_rate,
					"loan_limit": payload.loan_limit,
					"interest_rate": payload.interest_rate,
					"ineligible": payload.ineligible,
					"net_eligible_collateral": payload.net_eligible_collateral,
					"ending_collateral_balance": payload.ending_collateral_balance,
					"customer_loan_field_1_value": payload."customer_loan_field_1_value",
					"customer_loan_field_2_value": payload."customer_loan_field_2_value",
					"customer_loan_field_3_value": payload."customer_loan_field_3_value",
					"loanBalance":  payload.loanBalance,
				   
				   "IBS Balance":	0,
				   comparisonResult: "NA"
					
			}]
		
	)


)

else 
(
		 [{
				   "loan_id": payload.loan_id,
					"loan_id_alt": payload.loan_id_alt,
					"facility_code": payload.facility_code,
					"client_id": payload.client_id,
					"clientName": payload.clientName,
					"lastupdated": payload.lastupdated,
					"created": payload.created,	
					"maturity_date": payload.maturity_date,
					"loan_type": payload.loan_type,
					"Advance Rate": payload.advance_rate,
					"loan_limit": payload.loan_limit,
					"interest_rate": payload.interest_rate,
					"ineligible": payload.ineligible,
					"net_eligible_collateral": payload.net_eligible_collateral,
					"ending_collateral_balance": payload.ending_collateral_balance,
					"customer_loan_field_1_value": payload."customer_loan_field_1_value",
					"customer_loan_field_2_value": payload."customer_loan_field_2_value",
					"customer_loan_field_3_value": payload."customer_loan_field_3_value",
					"loanBalance":  payload.loanBalance,
				   
				   "IBS Balance":	0,
				   comparisonResult: "NA"
					
		}]
		
)

]]></ee:set-variable>
						</ee:variables>
					</ee:transform>
					<flow-ref doc:name="add-to-txnItems" doc:id="a21226a3-bcac-4a38-8462-b844f625f7a6" name="add-to-txnItems"/>
				</otherwise>
			</choice>
		</foreach>
		<logger level="INFO" doc:name="Logger" doc:id="af9efb50-9842-4937-92fb-969f737f5c39" message="#[vars.txnitems]"/>
		<ee:transform doc:name="Display in CSV" doc:id="4f7ac70f-81de-4355-b968-e94019df4c79" >
			<ee:message >
				<ee:set-payload ><![CDATA[%dw 2.0
output application/json
---
vars.txnitems map ((item, index) -> {

"Loan Id": item.loan_id,
"Alternate Loan Id": item.loan_id_alt,
"Facility Code": item.facility_code,
"Client Id": item.client_id,
"Client Name": item.clientName,
"Last Updated": item.lastupdated,
"Created": item.created,	
"Maturity Date": item.maturity_date,
"Loan Type": item.loan_type,
"Advance Rate": item.advance_rate,
"Loan Limit": item.loan_limit as Number as String{format: "\$00,000.00"},
"Interest Rate": item.interest_rate,
"Ineligilble": item.ineligible as Number as String{format: "\$00,000.00"},
"Net Eligible Collateral": item.net_eligible_collateral as Number as String{format: "\$00,000.00"},
"Ending Collateral Balance": item.ending_collateral_balance as Number as String{format: "\$00,000.00"},
"IBS Account Number": item."customer_loan_field_1_value",
"IBS Note or Commitment": item."customer_loan_field_2_value",
"Product Type": item."customer_loan_field_3_value",
"Loan Balance":  item.loanBalance as Number as String{format: "\$00,000.00"},
Result: if (item.comparisonResult == true) "SAME" else if (item.comparisonResult == 'NA') 'NA' else "Different",
"IBS Account Balance": item."IBS Balance" as Number as String{format: "\$00,000.00"},
"Note Txn Post Date": item."Note Txn Post Date",
"Note Txn Effective date": item."Note Txn Effective date",
"Note Txn Code": item."Note Txn Code",
"Note Txn Principal Amount": item."Note Txn Principal Amount"
})

]]></ee:set-payload>
			</ee:message>
		</ee:transform>
		<ee:transform doc:name="Transform Message" doc:id="ba111afa-4f9c-4dc4-8288-e4f102b79c16" >
			<ee:message >
				<ee:set-payload ><![CDATA[%dw 2.0
output application/csv quoteValues=true
---
payload]]></ee:set-payload>
			</ee:message>
			<ee:variables >
				<ee:set-variable variableName="transItems" ><![CDATA[%dw 2.0
output application/csv quoteValues=true

var friday = (now() - |P3D|).dayOfWeek
var yesterday = (now() - |P1D|).dayOfWeek

var postFilter = (now() - |P1D|) as Date{format: "yyyy-MM-dd"} as String
//if (friday == 5) ((now() - |P3D|) as Date{format: "yyyy-MM-dd"} as String) else ((now() - |P1D|) as Date{format: "yyyy-MM-dd"} as String)



---
vars.items map ((item1, index) -> {
    "ABL Loan ID": item1.loanId,
    "Customer Name": (payload filter ((item, index) -> item."Loan Id" ~= item1.loanId))[0]."Client Name",
    //"Note or Commitment": item1.noteOrCommitment,
    "Account Number":  (payload filter ((item, index) -> item."Loan Id" ~= item1.loanId))[0]."IBS Account Number",
    "Note Txn Post Date": item1.NoteHistEntdDte,
    "Note Txn Effective Date": item1.LNLNHistEffDte,
    "Note Txn Code": item1.LNHistTransCde,
    "Note Txn Principal Amount": item1.LNHistPrinTranAmt,
    "Reversal Indicator": item1.LNHistRevrslInd,
    "LN History Current Balance": item1.LNHistLNCurrBal,
    //"Posted to ABL": if (item1.NoteHistEntdDte == ((now() - |P1D|) as String{format: 'yyyy-MM-dd'}) or (abs(((item1.LNLNHistEffDte as Date{format: "yyyy-MM-dd"}) - (item1.NoteHistEntdDte  as Date{format: "yyyy-MM-dd"})).days) < 5)) "Y" else "N",
    "Posted to ABL": if (((item1.NoteHistEntdDte == item1.LNLNHistEffDte) or (abs(((item1.LNLNHistEffDte as Date{format: "yyyy-MM-dd"}) - (item1.NoteHistEntdDte  as Date{format: "yyyy-MM-dd"})).days) < 5)) and item1.LNHistRevrslInd == 0) "Y" else "N",
    "Loan Type": (payload filter ((item, index) -> item."Loan Id" ~= item1.loanId))[0]."Loan Type"
   // "ReportDate": (now() - |P1D|) as String{format: "yyyy-MM-dd"},
    



}) filter ((item, index) -> ((item."Note Txn Principal Amount" > 0) and (item."Note Txn Post Date") == postFilter))]]></ee:set-variable>
			</ee:variables>
		</ee:transform>
		<logger level="INFO" doc:name="Logger" doc:id="91fe2a6f-2a12-4795-9428-24075e0777fa" message="Sending Email"/>
		<logger level="INFO" doc:name="Logger" doc:id="f2a8e8ed-cac6-4cfd-837a-a4b45723f4e1" message="#[payload]"/>
		<logger level="INFO" doc:name="Logger" doc:id="e4104f08-beb8-4e91-8a44-db925a3ec614" message="#[vars.transItems]"/>
		
		 <email:send doc:name="Send" doc:id="b7c99e03-1d94-4c7c-9d59-15dbe45a4d3f" config-ref="Email_SMTP" fromAddress="LOAN_COMPARE_REPORT@leumiusa.com" subject="${mule.env}: Loan Payment Transaction Posting Recon Report" attachmentsContentTransferEncoding='Base64( "loan-comparison-report-" ++ (now() as String{format: "MMddyyyy"}) ++ ".csv" )'>
			<email:to-addresses >
				
				<email:to-address value="Gareth.Cabrera@leumiusa.com"/>
				<email:to-address value="Wenya.Wen@leumiusa.com" />
				<email:to-address value="James.Barrecchia@leumiusa.com" />
				<email:to-address value="Neha.Sachan@leumiusa.com" />
				<email:to-address value="leumiabl@leumiusa.com" />
				<!-- <email:to-address value="Steve.Kerr@leumiusa.com" />
				<email:to-address value="Colin.Heneghan@leumiusa.com" /> -->
				
		

</email:to-addresses>
			<email:body >
				<email:content ><![CDATA[Attached is the IBS to RADAR loan payment transaction recon report]]></email:content>
			</email:body>
			<email:attachments ><![CDATA[#[{
	( "loan-comparison-report-" ++ ((now() - |P1D|) as String{format: "MMddyyyy"}) ++ ".csv" ): payload,
	( "transactions-" ++ ((now() - |P1D|) as String{format: "MMddyyyy"}) ++ ".csv" ): vars.transItems
}]]]></email:attachments>
		</email:send>
 		
  <!--  <file:write doc:name="Write" doc:id="4166ab6f-4932-49fa-a839-4d66c037cbaf" path="C:\Development\ablsoft-report\loan-comparison-report.csv"/>
		<file:write doc:name="Write" doc:id="783de65b-9616-41d5-bee6-6734ecfd0299" path="C:\Development\ablsoft-report\transactions.csv">
			<file:content ><![CDATA[#[vars.transItems]]]></file:content>
		</file:write>  -->
		<logger level="INFO" doc:name="Logger" doc:id="e6eba38b-90e6-4b17-a9b0-8ef4189cbe32" message="Email Sent"/>
	</sub-flow>
</mule>
