<?xml version="1.0" encoding="UTF-8"?>

<mule xmlns:http="http://www.mulesoft.org/schema/mule/http" xmlns="http://www.mulesoft.org/schema/mule/core"
	xmlns:doc="http://www.mulesoft.org/schema/mule/documentation"
	xmlns:xsi="http://www.w3.org/2001/XMLSchema-instance" xsi:schemaLocation="http://www.mulesoft.org/schema/mule/core http://www.mulesoft.org/schema/mule/core/current/mule.xsd
http://www.mulesoft.org/schema/mule/http http://www.mulesoft.org/schema/mule/http/current/mule-http.xsd">
	<http:request-config name="IBS_SAPI_Request_Config" doc:name="HTTP Request configuration" doc:id="1c7c90e4-6b0e-4dae-a458-8e905754c52d" basePath="/${ibs.basepath}" >
		<http:request-connection host="${ibs.host}" port="${ibs.port}" protocol="HTTPS"/>
	</http:request-config>
	<http:request-config name="ABLSOFT_Request_Config" doc:name="HTTP Request configuration" doc:id="88a92020-a2e9-4be9-ad54-ecde198571e6" basePath="/${ablsoft.basepath}">
		<http:request-connection host="${ablsoft.host}" port="${ablsoft.port}" protocol="HTTPS"/>
	</http:request-config>
	<configuration-properties doc:name="Configuration properties" doc:id="907b5848-d950-4fd1-8299-a0e1463645bb" file="config/${mule.env}.yaml" />
	<global-property doc:name="Global Property" doc:id="116b3f8f-32bd-46d6-90f2-078b3e32ea63" name="mule.env" value="UAT" />
</mule>
